{
  "auth" : {
    "transaction" : "auth",
    "sampleCount" : 22400,
    "errorCount" : 698,
    "errorPct" : 3.1160715,
    "meanResTime" : 3705.6263839285666,
    "medianResTime" : 1745.0,
    "minResTime" : 0.0,
    "maxResTime" : 56013.0,
    "pct1ResTime" : 9070.500000000007,
    "pct2ResTime" : 15371.600000000006,
    "pct3ResTime" : 29880.300000000112,
    "throughput" : 17.62709410271402,
    "receivedKBytesPerSec" : 14.094042735669921,
    "sentKBytesPerSec" : 4.353244260767676
  },
  "Total" : {
    "transaction" : "Total",
    "sampleCount" : 89600,
    "errorCount" : 6197,
    "errorPct" : 6.9162946,
    "meanResTime" : 16571.083147321573,
    "medianResTime" : 21436.0,
    "minResTime" : 0.0,
    "maxResTime" : 104458.0,
    "pct1ResTime" : 42100.8,
    "pct2ResTime" : 53404.95000000001,
    "pct3ResTime" : 70760.76000000004,
    "throughput" : 69.98310564090387,
    "receivedKBytesPerSec" : 136.395962627479,
    "sentKBytesPerSec" : 22.46405182996839
  },
  "get" : {
    "transaction" : "get",
    "sampleCount" : 22400,
    "errorCount" : 1800,
    "errorPct" : 8.035714,
    "meanResTime" : 18563.30227678549,
    "medianResTime" : 18976.5,
    "minResTime" : 0.0,
    "maxResTime" : 84647.0,
    "pct1ResTime" : 37528.8,
    "pct2ResTime" : 45278.850000000006,
    "pct3ResTime" : 61287.990000000005,
    "throughput" : 17.620480032220307,
    "receivedKBytesPerSec" : 89.68244351466039,
    "sentKBytesPerSec" : 3.2597703693535798
  },
  "create" : {
    "transaction" : "create",
    "sampleCount" : 22400,
    "errorCount" : 284,
    "errorPct" : 1.2678572,
    "meanResTime" : 23497.38772321425,
    "medianResTime" : 19480.0,
    "minResTime" : 1263.0,
    "maxResTime" : 104458.0,
    "pct1ResTime" : 53172.700000000004,
    "pct2ResTime" : 64103.50000000001,
    "pct3ResTime" : 83245.94,
    "throughput" : 17.6708132597365,
    "receivedKBytesPerSec" : 16.503499254907005,
    "sentKBytesPerSec" : 7.212637150952133
  },
  "update" : {
    "transaction" : "update",
    "sampleCount" : 22400,
    "errorCount" : 3415,
    "errorPct" : 15.245536,
    "meanResTime" : 20518.01620535715,
    "medianResTime" : 20743.0,
    "minResTime" : 0.0,
    "maxResTime" : 76731.0,
    "pct1ResTime" : 32259.0,
    "pct2ResTime" : 36664.9,
    "pct3ResTime" : 51849.81000000003,
    "throughput" : 17.6097721657111,
    "receivedKBytesPerSec" : 17.130039151279735,
    "sentKBytesPerSec" : 7.815940944076395
  }
}